Loss,Accuracy,Recall,Precision,AUC
0.2870418429374695,1.0,1.0,1.0,1.0000001192092896
0.6842642426490784,0.891916036605835,0.8852140307426453,0.8800773620605469,0.9470281600952148
