Loss,Accuracy,Recall,Precision,AUC
0.25781357288360596,0.8873003721237183,0.8208373785018921,0.9251028895378113,0.9602891802787781
0.30809858441352844,0.8664582371711731,0.798638105392456,0.8992332816123962,0.942421019077301
