Loss,Accuracy,Recall,Precision,AUC
1.371181607246399,0.8484306931495667,0.800632894039154,0.8594198822975159,0.9330457448959351
1.3852943181991577,0.8476998805999756,0.8025291562080383,0.8566977977752686,0.9239967465400696
